ID;NAMA PRODUK;VARIAN;NAMA FILE FOTO (ISI DISINI)
bc-002-1;Kotak Cupcake isi 4 Motif / Box Cupcake / Kotak Muffin / Kotak Kue / Kotak Souvenir tenteng / Box Cupcakes;Foodie Hijau Botol;
bc-002-2;Kotak Cupcake isi 4 Motif / Box Cupcake / Kotak Muffin / Kotak Kue / Kotak Souvenir tenteng / Box Cupcakes;Foodie Orange;
bc-002-3;Kotak Cupcake isi 4 Motif / Box Cupcake / Kotak Muffin / Kotak Kue / Kotak Souvenir tenteng / Box Cupcakes;Putih;
bc-005-1;Box Cupcake Isi 9 / 24 x 24 x 10/20 cm / Box Hampers Mika Termurah / Box Mika Cupcake isi 9 / Kotak Muffin / Kotak Sanggan /Kotak Hantaran / Kotak Mika Transparan / Box Cake / Kotak Kue;Lobang,Gold;
bc-005-10;Box Cupcake Isi 9 / 24 x 24 x 10/20 cm / Box Hampers Mika Termurah / Box Mika Cupcake isi 9 / Kotak Muffin / Kotak Sanggan /Kotak Hantaran / Kotak Mika Transparan / Box Cake / Kotak Kue;Pakai Lobang T10,Maroon;
bc-005-11;Box Cupcake Isi 9 / 24 x 24 x 10/20 cm / Box Hampers Mika Termurah / Box Mika Cupcake isi 9 / Kotak Muffin / Kotak Sanggan /Kotak Hantaran / Kotak Mika Transparan / Box Cake / Kotak Kue;Lobang,Putih;
bc-005-12;Box Cupcake Isi 9 / 24 x 24 x 10/20 cm / Box Hampers Mika Termurah / Box Mika Cupcake isi 9 / Kotak Muffin / Kotak Sanggan /Kotak Hantaran / Kotak Mika Transparan / Box Cake / Kotak Kue;Pakai Lobang T20,Putih;
bc-005-13;Box Cupcake Isi 9 / 24 x 24 x 10/20 cm / Box Hampers Mika Termurah / Box Mika Cupcake isi 9 / Kotak Muffin / Kotak Sanggan /Kotak Hantaran / Kotak Mika Transparan / Box Cake / Kotak Kue;Tanpa Lobang T20,Hijau;
bc-005-14;Box Cupcake Isi 9 / 24 x 24 x 10/20 cm / Box Hampers Mika Termurah / Box Mika Cupcake isi 9 / Kotak Muffin / Kotak Sanggan /Kotak Hantaran / Kotak Mika Transparan / Box Cake / Kotak Kue;Tanpa Lobang T20,Hitam;
bc-005-15;Box Cupcake Isi 9 / 24 x 24 x 10/20 cm / Box Hampers Mika Termurah / Box Mika Cupcake isi 9 / Kotak Muffin / Kotak Sanggan /Kotak Hantaran / Kotak Mika Transparan / Box Cake / Kotak Kue;Pakai Lobang T10,Gold;
bc-005-16;Box Cupcake Isi 9 / 24 x 24 x 10/20 cm / Box Hampers Mika Termurah / Box Mika Cupcake isi 9 / Kotak Muffin / Kotak Sanggan /Kotak Hantaran / Kotak Mika Transparan / Box Cake / Kotak Kue;Tanpa Lobang T20,Putih;
bc-005-17;Box Cupcake Isi 9 / 24 x 24 x 10/20 cm / Box Hampers Mika Termurah / Box Mika Cupcake isi 9 / Kotak Muffin / Kotak Sanggan /Kotak Hantaran / Kotak Mika Transparan / Box Cake / Kotak Kue;Pakai Lobang T20,Hitam;
bc-005-18;Box Cupcake Isi 9 / 24 x 24 x 10/20 cm / Box Hampers Mika Termurah / Box Mika Cupcake isi 9 / Kotak Muffin / Kotak Sanggan /Kotak Hantaran / Kotak Mika Transparan / Box Cake / Kotak Kue;Pakai Lobang T10,Hitam;
bc-005-19;Box Cupcake Isi 9 / 24 x 24 x 10/20 cm / Box Hampers Mika Termurah / Box Mika Cupcake isi 9 / Kotak Muffin / Kotak Sanggan /Kotak Hantaran / Kotak Mika Transparan / Box Cake / Kotak Kue;Tanpa Lobang T10,Hitam;
bc-005-2;Box Cupcake Isi 9 / 24 x 24 x 10/20 cm / Box Hampers Mika Termurah / Box Mika Cupcake isi 9 / Kotak Muffin / Kotak Sanggan /Kotak Hantaran / Kotak Mika Transparan / Box Cake / Kotak Kue;Pakai Lobang T10,Putih;
bc-005-20;Box Cupcake Isi 9 / 24 x 24 x 10/20 cm / Box Hampers Mika Termurah / Box Mika Cupcake isi 9 / Kotak Muffin / Kotak Sanggan /Kotak Hantaran / Kotak Mika Transparan / Box Cake / Kotak Kue;Tanpa Lobang T10,Maroon;
bc-005-21;Box Cupcake Isi 9 / 24 x 24 x 10/20 cm / Box Hampers Mika Termurah / Box Mika Cupcake isi 9 / Kotak Muffin / Kotak Sanggan /Kotak Hantaran / Kotak Mika Transparan / Box Cake / Kotak Kue;Lobang,Maroon;
bc-005-22;Box Cupcake Isi 9 / 24 x 24 x 10/20 cm / Box Hampers Mika Termurah / Box Mika Cupcake isi 9 / Kotak Muffin / Kotak Sanggan /Kotak Hantaran / Kotak Mika Transparan / Box Cake / Kotak Kue;Pakai Lobang T10,Hijau;
bc-005-23;Box Cupcake Isi 9 / 24 x 24 x 10/20 cm / Box Hampers Mika Termurah / Box Mika Cupcake isi 9 / Kotak Muffin / Kotak Sanggan /Kotak Hantaran / Kotak Mika Transparan / Box Cake / Kotak Kue;Lobang,Hitam;
bc-005-24;Box Cupcake Isi 9 / 24 x 24 x 10/20 cm / Box Hampers Mika Termurah / Box Mika Cupcake isi 9 / Kotak Muffin / Kotak Sanggan /Kotak Hantaran / Kotak Mika Transparan / Box Cake / Kotak Kue;Pakai Lobang T20,Gold;
bc-005-25;Box Cupcake Isi 9 / 24 x 24 x 10/20 cm / Box Hampers Mika Termurah / Box Mika Cupcake isi 9 / Kotak Muffin / Kotak Sanggan /Kotak Hantaran / Kotak Mika Transparan / Box Cake / Kotak Kue;Tanpa Lobang T20,Gold;
bc-005-3;Box Cupcake Isi 9 / 24 x 24 x 10/20 cm / Box Hampers Mika Termurah / Box Mika Cupcake isi 9 / Kotak Muffin / Kotak Sanggan /Kotak Hantaran / Kotak Mika Transparan / Box Cake / Kotak Kue;Tanpa Lobang T10,Hijau;
bc-005-4;Box Cupcake Isi 9 / 24 x 24 x 10/20 cm / Box Hampers Mika Termurah / Box Mika Cupcake isi 9 / Kotak Muffin / Kotak Sanggan /Kotak Hantaran / Kotak Mika Transparan / Box Cake / Kotak Kue;Pakai Lobang T20,Maroon;
bc-005-5;Box Cupcake Isi 9 / 24 x 24 x 10/20 cm / Box Hampers Mika Termurah / Box Mika Cupcake isi 9 / Kotak Muffin / Kotak Sanggan /Kotak Hantaran / Kotak Mika Transparan / Box Cake / Kotak Kue;Lobang,Hijau;
bc-005-6;Box Cupcake Isi 9 / 24 x 24 x 10/20 cm / Box Hampers Mika Termurah / Box Mika Cupcake isi 9 / Kotak Muffin / Kotak Sanggan /Kotak Hantaran / Kotak Mika Transparan / Box Cake / Kotak Kue;Pakai Lobang T20,Hijau;
bc-005-7;Box Cupcake Isi 9 / 24 x 24 x 10/20 cm / Box Hampers Mika Termurah / Box Mika Cupcake isi 9 / Kotak Muffin / Kotak Sanggan /Kotak Hantaran / Kotak Mika Transparan / Box Cake / Kotak Kue;Tanpa Lobang T10,Gold;
bc-005-8;Box Cupcake Isi 9 / 24 x 24 x 10/20 cm / Box Hampers Mika Termurah / Box Mika Cupcake isi 9 / Kotak Muffin / Kotak Sanggan /Kotak Hantaran / Kotak Mika Transparan / Box Cake / Kotak Kue;Tanpa Lobang T10,Putih;
bc-005-9;Box Cupcake Isi 9 / 24 x 24 x 10/20 cm / Box Hampers Mika Termurah / Box Mika Cupcake isi 9 / Kotak Muffin / Kotak Sanggan /Kotak Hantaran / Kotak Mika Transparan / Box Cake / Kotak Kue;Tanpa Lobang T20,Maroon;
bc-006-1;Box Cupcake Isi 16 / 32 x 32 x 12 cm / Box Hampers Mika Termurah/ Box Kue / Box Mika Cupcake isi 16 / Kotak Muffin / Kotak Sanggan /Kotak Hantaran / Kotak Mika Transparan / Box Cake / Kotak Kue;Lobang,Gold;
bc-006-2;Box Cupcake Isi 16 / 32 x 32 x 12 cm / Box Hampers Mika Termurah/ Box Kue / Box Mika Cupcake isi 16 / Kotak Muffin / Kotak Sanggan /Kotak Hantaran / Kotak Mika Transparan / Box Cake / Kotak Kue;Tanpa Lobang,Putih;
bc-006-3;Box Cupcake Isi 16 / 32 x 32 x 12 cm / Box Hampers Mika Termurah/ Box Kue / Box Mika Cupcake isi 16 / Kotak Muffin / Kotak Sanggan /Kotak Hantaran / Kotak Mika Transparan / Box Cake / Kotak Kue;Tanpa Lobang,Gold;
bc-006-4;Box Cupcake Isi 16 / 32 x 32 x 12 cm / Box Hampers Mika Termurah/ Box Kue / Box Mika Cupcake isi 16 / Kotak Muffin / Kotak Sanggan /Kotak Hantaran / Kotak Mika Transparan / Box Cake / Kotak Kue;Pakai Lobang,Putih;
bc-006-5;Box Cupcake Isi 16 / 32 x 32 x 12 cm / Box Hampers Mika Termurah/ Box Kue / Box Mika Cupcake isi 16 / Kotak Muffin / Kotak Sanggan /Kotak Hantaran / Kotak Mika Transparan / Box Cake / Kotak Kue;Pakai Lobang,Gold;
bc-006-6;Box Cupcake Isi 16 / 32 x 32 x 12 cm / Box Hampers Mika Termurah/ Box Kue / Box Mika Cupcake isi 16 / Kotak Muffin / Kotak Sanggan /Kotak Hantaran / Kotak Mika Transparan / Box Cake / Kotak Kue;Lobang,Putih;
bc-007-1;Box Cupcake Isi 12 /  34 x 24 x 12 cm / Box Hampers Mika Termurah / Box Sanggan / Kotak muffin / Gift Box / Box Kue tart / Box Mika Transparan;Tanpa Lobang,Putih;
bc-007-2;Box Cupcake Isi 12 /  34 x 24 x 12 cm / Box Hampers Mika Termurah / Box Sanggan / Kotak muffin / Gift Box / Box Kue tart / Box Mika Transparan;Lobang,Gold;
bc-007-3;Box Cupcake Isi 12 /  34 x 24 x 12 cm / Box Hampers Mika Termurah / Box Sanggan / Kotak muffin / Gift Box / Box Kue tart / Box Mika Transparan;Lobang,Putih;
bc-007-4;Box Cupcake Isi 12 /  34 x 24 x 12 cm / Box Hampers Mika Termurah / Box Sanggan / Kotak muffin / Gift Box / Box Kue tart / Box Mika Transparan;Pakai Lobang,Gold;
bc-007-5;Box Cupcake Isi 12 /  34 x 24 x 12 cm / Box Hampers Mika Termurah / Box Sanggan / Kotak muffin / Gift Box / Box Kue tart / Box Mika Transparan;Pakai Lobang,Putih;
bc-007-6;Box Cupcake Isi 12 /  34 x 24 x 12 cm / Box Hampers Mika Termurah / Box Sanggan / Kotak muffin / Gift Box / Box Kue tart / Box Mika Transparan;Tanpa Lobang,Gold;
bc-008-1;(5 PCS) Kotak Cupcake isi 6 Motif / Box Cupcake / Kotak Muffin / Kotak Kue / Kotak Souvenir tenteng / Box Cupcakes;Putih,Pakai lobang;
bc-008-10;(5 PCS) Kotak Cupcake isi 6 Motif / Box Cupcake / Kotak Muffin / Kotak Kue / Kotak Souvenir tenteng / Box Cupcakes;Merah,Pakai lobang;
bc-008-2;(5 PCS) Kotak Cupcake isi 6 Motif / Box Cupcake / Kotak Muffin / Kotak Kue / Kotak Souvenir tenteng / Box Cupcakes;Hijau,Tanpa lobang;
bc-008-3;(5 PCS) Kotak Cupcake isi 6 Motif / Box Cupcake / Kotak Muffin / Kotak Kue / Kotak Souvenir tenteng / Box Cupcakes;Putih,Tanpa lobang;
bc-008-4;(5 PCS) Kotak Cupcake isi 6 Motif / Box Cupcake / Kotak Muffin / Kotak Kue / Kotak Souvenir tenteng / Box Cupcakes;Biru,Tanpa lobang;
bc-008-5;(5 PCS) Kotak Cupcake isi 6 Motif / Box Cupcake / Kotak Muffin / Kotak Kue / Kotak Souvenir tenteng / Box Cupcakes;Merah,Tanpa lobang;
bc-008-6;(5 PCS) Kotak Cupcake isi 6 Motif / Box Cupcake / Kotak Muffin / Kotak Kue / Kotak Souvenir tenteng / Box Cupcakes;Biru,Pakai lobang;
bc-008-7;(5 PCS) Kotak Cupcake isi 6 Motif / Box Cupcake / Kotak Muffin / Kotak Kue / Kotak Souvenir tenteng / Box Cupcakes;Hijau,Pakai lobang;
bc-008-8;(5 PCS) Kotak Cupcake isi 6 Motif / Box Cupcake / Kotak Muffin / Kotak Kue / Kotak Souvenir tenteng / Box Cupcakes;Hitam,Pakai lobang;
bc-008-9;(5 PCS) Kotak Cupcake isi 6 Motif / Box Cupcake / Kotak Muffin / Kotak Kue / Kotak Souvenir tenteng / Box Cupcakes;Hitam,Tanpa lobang;
bc-009;PAKET RAMADHAN (10pcs) Kotak Cup 4 mini Tenteng Free Lobang;Putih;
bc-010-1;Box Cupcake Isi 4 / 16,5 x 16,5 x 10 cm / Box Hampers Mika Termurah / Box Kue /  Kotak Muffin / Kotak Sanggan /Kotak Hantaran / Kotak Mika Transparan / Box Cake / Kotak Kue;Pakai Lobang,Putih;
bc-010-2;Box Cupcake Isi 4 / 16,5 x 16,5 x 10 cm / Box Hampers Mika Termurah / Box Kue /  Kotak Muffin / Kotak Sanggan /Kotak Hantaran / Kotak Mika Transparan / Box Cake / Kotak Kue;Tanpa Lobang,Gold;
bc-010-3;Box Cupcake Isi 4 / 16,5 x 16,5 x 10 cm / Box Hampers Mika Termurah / Box Kue /  Kotak Muffin / Kotak Sanggan /Kotak Hantaran / Kotak Mika Transparan / Box Cake / Kotak Kue;Tanpa Lobang,Putih;
bc-010-4;Box Cupcake Isi 4 / 16,5 x 16,5 x 10 cm / Box Hampers Mika Termurah / Box Kue /  Kotak Muffin / Kotak Sanggan /Kotak Hantaran / Kotak Mika Transparan / Box Cake / Kotak Kue;Pakai Lobang,Gold;
bc-011-1;Kotak Cupcake isi 2 / Kotak Muffin / Kotak Souvenir / Gift Box;Ungu,16,5x9,2x12;
bc-011-2;Kotak Cupcake isi 2 / Kotak Muffin / Kotak Souvenir / Gift Box;Biru,16,5x9,2x12;
bc-011-3;Kotak Cupcake isi 2 / Kotak Muffin / Kotak Souvenir / Gift Box;Hijau,16,5x9,2x12;
bc-011-4;Kotak Cupcake isi 2 / Kotak Muffin / Kotak Souvenir / Gift Box;Peach,16,5x9,2x12;
bc-011-5;Kotak Cupcake isi 2 / Kotak Muffin / Kotak Souvenir / Gift Box;Kuning,16,5x9,2x12;
bc-012-1;PAKET RAMADHAN (2pcs) Box mika cup 9 &(2pcs) Box mika cup 12(Free Gable box Natur);Putih;
bc-012-2;PAKET RAMADHAN (2pcs) Box mika cup 9 &(2pcs) Box mika cup 12(Free Gable box Natur);Gold;
bc-013-1;Box Cupcake Isi 6 / 24 x 17 x 12 cm /  Box Hampers Mika Termurah/ Box Mika Donat isi 6 / Kotak Muffin / Box Kue Tart / Kotak Sanggan /Kotak Hantaran / Kotak Mika Transparan / Box Cake / Kotak Kue;Pakai Lobang,Putih;
bc-013-10;Box Cupcake Isi 6 / 24 x 17 x 12 cm /  Box Hampers Mika Termurah/ Box Mika Donat isi 6 / Kotak Muffin / Box Kue Tart / Kotak Sanggan /Kotak Hantaran / Kotak Mika Transparan / Box Cake / Kotak Kue;Tanpa Lobang,Gold;
bc-013-11;Box Cupcake Isi 6 / 24 x 17 x 12 cm /  Box Hampers Mika Termurah/ Box Mika Donat isi 6 / Kotak Muffin / Box Kue Tart / Kotak Sanggan /Kotak Hantaran / Kotak Mika Transparan / Box Cake / Kotak Kue;Pakai Lobang,Hitam;
bc-013-12;Box Cupcake Isi 6 / 24 x 17 x 12 cm /  Box Hampers Mika Termurah/ Box Mika Donat isi 6 / Kotak Muffin / Box Kue Tart / Kotak Sanggan /Kotak Hantaran / Kotak Mika Transparan / Box Cake / Kotak Kue;Pakai Lobang,Gold;
bc-013-13;Box Cupcake Isi 6 / 24 x 17 x 12 cm /  Box Hampers Mika Termurah/ Box Mika Donat isi 6 / Kotak Muffin / Box Kue Tart / Kotak Sanggan /Kotak Hantaran / Kotak Mika Transparan / Box Cake / Kotak Kue;Tanpa Lobang,Putih;
bc-013-14;Box Cupcake Isi 6 / 24 x 17 x 12 cm /  Box Hampers Mika Termurah/ Box Mika Donat isi 6 / Kotak Muffin / Box Kue Tart / Kotak Sanggan /Kotak Hantaran / Kotak Mika Transparan / Box Cake / Kotak Kue;Lobang,Hitam;
bc-013-15;Box Cupcake Isi 6 / 24 x 17 x 12 cm /  Box Hampers Mika Termurah/ Box Mika Donat isi 6 / Kotak Muffin / Box Kue Tart / Kotak Sanggan /Kotak Hantaran / Kotak Mika Transparan / Box Cake / Kotak Kue;Pakai Lobang,Merah;
bc-013-16;Box Cupcake Isi 6 / 24 x 17 x 12 cm /  Box Hampers Mika Termurah/ Box Mika Donat isi 6 / Kotak Muffin / Box Kue Tart / Kotak Sanggan /Kotak Hantaran / Kotak Mika Transparan / Box Cake / Kotak Kue;Lobang,Maroon;
bc-013-17;Box Cupcake Isi 6 / 24 x 17 x 12 cm /  Box Hampers Mika Termurah/ Box Mika Donat isi 6 / Kotak Muffin / Box Kue Tart / Kotak Sanggan /Kotak Hantaran / Kotak Mika Transparan / Box Cake / Kotak Kue;Lobang,Gold;
bc-013-18;Box Cupcake Isi 6 / 24 x 17 x 12 cm /  Box Hampers Mika Termurah/ Box Mika Donat isi 6 / Kotak Muffin / Box Kue Tart / Kotak Sanggan /Kotak Hantaran / Kotak Mika Transparan / Box Cake / Kotak Kue;Lobang,Hijau;
bc-013-2;Box Cupcake Isi 6 / 24 x 17 x 12 cm /  Box Hampers Mika Termurah/ Box Mika Donat isi 6 / Kotak Muffin / Box Kue Tart / Kotak Sanggan /Kotak Hantaran / Kotak Mika Transparan / Box Cake / Kotak Kue;Pakai Lobang,Hijau;
bc-013-3;Box Cupcake Isi 6 / 24 x 17 x 12 cm /  Box Hampers Mika Termurah/ Box Mika Donat isi 6 / Kotak Muffin / Box Kue Tart / Kotak Sanggan /Kotak Hantaran / Kotak Mika Transparan / Box Cake / Kotak Kue;Tanpa Lobang,Maroon;
bc-013-4;Box Cupcake Isi 6 / 24 x 17 x 12 cm /  Box Hampers Mika Termurah/ Box Mika Donat isi 6 / Kotak Muffin / Box Kue Tart / Kotak Sanggan /Kotak Hantaran / Kotak Mika Transparan / Box Cake / Kotak Kue;Lobang,Merah;
bc-013-5;Box Cupcake Isi 6 / 24 x 17 x 12 cm /  Box Hampers Mika Termurah/ Box Mika Donat isi 6 / Kotak Muffin / Box Kue Tart / Kotak Sanggan /Kotak Hantaran / Kotak Mika Transparan / Box Cake / Kotak Kue;Tanpa Lobang,Merah;
bc-013-6;Box Cupcake Isi 6 / 24 x 17 x 12 cm /  Box Hampers Mika Termurah/ Box Mika Donat isi 6 / Kotak Muffin / Box Kue Tart / Kotak Sanggan /Kotak Hantaran / Kotak Mika Transparan / Box Cake / Kotak Kue;Tanpa Lobang,Hijau;
bc-013-7;Box Cupcake Isi 6 / 24 x 17 x 12 cm /  Box Hampers Mika Termurah/ Box Mika Donat isi 6 / Kotak Muffin / Box Kue Tart / Kotak Sanggan /Kotak Hantaran / Kotak Mika Transparan / Box Cake / Kotak Kue;Tanpa Lobang,Hitam;
bc-013-8;Box Cupcake Isi 6 / 24 x 17 x 12 cm /  Box Hampers Mika Termurah/ Box Mika Donat isi 6 / Kotak Muffin / Box Kue Tart / Kotak Sanggan /Kotak Hantaran / Kotak Mika Transparan / Box Cake / Kotak Kue;Lobang,Putih;
bc-013-9;Box Cupcake Isi 6 / 24 x 17 x 12 cm /  Box Hampers Mika Termurah/ Box Mika Donat isi 6 / Kotak Muffin / Box Kue Tart / Kotak Sanggan /Kotak Hantaran / Kotak Mika Transparan / Box Cake / Kotak Kue;Pakai Lobang,Maroon;
bta-001;(20Pcs) Box Slice Cake;Putih Laminasi,20Pcs;
bta-002-1;Box Donat Isi 1;50pcs;
bta-002-2;Box Donat Isi 1;100pcs;
bta-003-1;Box Kebab;Kebab Foodgrade,20Pcs;
bta-003-2;Box Kebab;Kebab Foodgrade,50Pcs;
bta-004-1;Box Cheese Coin;Fodie Maroon/Magenta,20Pcs;
bta-004-10;Box Cheese Coin;Foodie Biru,20Pcs;
bta-004-2;Box Cheese Coin;Ivory, biasa,20Pcs;
bta-004-3;Box Cheese Coin;Foodie Hijau Botol,50Pcs;
bta-004-4;Box Cheese Coin;Foodie Hijau Botol,20Pcs;
bta-004-5;Box Cheese Coin;Foodie Biru,50Pcs;
bta-004-6;Box Cheese Coin;Foodie Hitam,50Pcs;
bta-004-7;Box Cheese Coin;Fodie Maroon/Magenta,50Pcs;
bta-004-8;Box Cheese Coin;Ivory, biasa,50Pcs;
bta-004-9;Box Cheese Coin;Foodie Hitam,20Pcs;
bta-005-1;Box Donat Motif (LAMINASI) | Box Donat Isi 6 | Box Donat Isi 3;Isi 6 Warna Coklat,50Pcs;
bta-005-2;Box Donat Motif (LAMINASI) | Box Donat Isi 6 | Box Donat Isi 3;Isi 3 Warna Orange,20Pcs;
bta-005-3;Box Donat Motif (LAMINASI) | Box Donat Isi 6 | Box Donat Isi 3;Isi 3 Warna Orange,50Pcs;
bta-005-4;Box Donat Motif (LAMINASI) | Box Donat Isi 6 | Box Donat Isi 3;Isi 3 Warna Coklat,20Pcs;
bta-005-5;Box Donat Motif (LAMINASI) | Box Donat Isi 6 | Box Donat Isi 3;Isi 3 Warna Coklat,50Pcs;
bta-005-6;Box Donat Motif (LAMINASI) | Box Donat Isi 6 | Box Donat Isi 3;Isi 6 Warna Merah,20Pcs;
bta-005-7;Box Donat Motif (LAMINASI) | Box Donat Isi 6 | Box Donat Isi 3;Isi 6 Warna Merah,50Pcs;
bta-005-8;Box Donat Motif (LAMINASI) | Box Donat Isi 6 | Box Donat Isi 3;Isi 6 Warna Coklat,20Pcs;
bta-005-9;Box Donat Motif (LAMINASI) | Box Donat Isi 6 | Box Donat Isi 3;Isi 6 warna Merah,50pcs;
bta-006-1;Box Donat (LAMINASI) | Box Donat Isi 6 | Box Donat Isi 3;Box Donat Isi 2 FG,50pcs;
bta-006-10;Box Donat (LAMINASI) | Box Donat Isi 6 | Box Donat Isi 3;Isi 3 warna Coklat,50pcs;
bta-006-11;Box Donat (LAMINASI) | Box Donat Isi 6 | Box Donat Isi 3;Isi 6 warna Coklat,20pcs;
bta-006-12;Box Donat (LAMINASI) | Box Donat Isi 6 | Box Donat Isi 3;Box Donat Isi 2 FG,20pcs;
bta-006-13;Box Donat (LAMINASI) | Box Donat Isi 6 | Box Donat Isi 3;Box Donat Isi 3 FG,20pcs;
bta-006-2;Box Donat (LAMINASI) | Box Donat Isi 6 | Box Donat Isi 3;Isi 3 warna Orange,20pcs;
bta-006-3;Box Donat (LAMINASI) | Box Donat Isi 6 | Box Donat Isi 3;Box Donat Isi 6 FG,20pcs;
bta-006-4;Box Donat (LAMINASI) | Box Donat Isi 6 | Box Donat Isi 3;Isi 3 warna Orange,50pcs;
bta-006-5;Box Donat (LAMINASI) | Box Donat Isi 6 | Box Donat Isi 3;Box Donat Isi 3 FG,50pcs;
bta-006-6;Box Donat (LAMINASI) | Box Donat Isi 6 | Box Donat Isi 3;Isi 3 warna Coklat,20pcs;
bta-006-7;Box Donat (LAMINASI) | Box Donat Isi 6 | Box Donat Isi 3;Box Donat Isi 6 FG,50pcs;
bta-006-8;Box Donat (LAMINASI) | Box Donat Isi 6 | Box Donat Isi 3;Isi 6 warna Merah,20pcs;
bta-006-9;Box Donat (LAMINASI) | Box Donat Isi 6 | Box Donat Isi 3;Isi 6 warna Coklat,50pcs;
bta-007-1;(50Pcs) Box Cheese Cake (Tom&Jerry);Motif Full Colour,50Pcs;
bta-007-2;(50Pcs) Box Cheese Cake (Tom&Jerry);Putih Non Laminasi,50Pcs;
bta-008;(50Pcs) Box Nasi Motif;20x20,Doodle Hitam;
bta-009-1;BOX TART HANDLE;Ivory (Putih),20,5x20,5x15;
bta-009-2;BOX TART HANDLE;Duplex Abu-abu,20,5x20,5x15;
bta-010-1;Box Nasi 18x18;Box Nasi 18x18 Ivory,50Pcs;
bta-010-2;Box Nasi 18x18;Box Nasi 18x18 Ivory,20Pcs;
bta-011;Paper Lunch Box (Kraft) Size M;Size M;
bta-012-1;Box Roti Bakar;Kraft Non Laminasi,50Pcs;
bta-012-2;Box Roti Bakar;Duplex,50Pcs;
bta-012-3;Box Roti Bakar;Kraft Laminasi,50Pcs;
bta-013;(50Pcs) Box D\;Ivory Laminasi;
bta-014;Paper Lunch Box (Ivory) Size M;Ivory;
kg-001-1;DUS PARCEL IDUL FITRI;37x28 T=25cm;
kg-001-2;DUS PARCEL IDUL FITRI;38x29 T=35cm;
kg-001-3;DUS PARCEL IDUL FITRI;31x23 T=30,5 cm;
kg-002-1;(5Pcs) Kardus Die Cut - Box Packaging Kemasan Hampers;15 x 10 x 3.3 cm;
kg-002-2;(5Pcs) Kardus Die Cut - Box Packaging Kemasan Hampers;8 x 8 x 3 cm;
kg-002-3;(5Pcs) Kardus Die Cut - Box Packaging Kemasan Hampers;11 x 11 x 3 cm;
lain-001-1;Angpao Karakter;Cowok,50Pcs;
lain-001-2;Angpao Karakter;Cewek,25Pcs;
lain-001-3;Angpao Karakter;Cewek,50Pcs;
lain-001-4;Angpao Karakter;Cowok,25Pcs;
lain-002;TEBUS MURAH Kalender 2026 (Standing);Giveaway;
lain-003;(50Pcs) Greeting Card Aesthetic;Happy Birthday;
lain-004;(50Pcs) Greeting Card Aesthetic;Enjoy Your Meal;
lain-005;Box Hampers Kraft Termurah;Kraft;
lain-006;Box Hampers Natal Premium;Natal;
lain-007-1;(50pcs) Greeting card lebaran;Putih;
lain-007-2;(50pcs) Greeting card lebaran;Orange;
lain-009-1;(100 PCS) Food Wrapper 30x30 cm;30x30 cm;
lain-009-2;(100 PCS) Food Wrapper 30x30 cm;15x15 cm;
lain-009-3;(100 PCS) Food Wrapper 30x30 cm;48x32 cm;
lain-010-1;Box Tenteng Parcel Idul Fitri;Hijau mint;
lain-010-2;Box Tenteng Parcel Idul Fitri;Hijau;
lain-010-3;Box Tenteng Parcel Idul Fitri;Orange;
lain-010-4;Box Tenteng Parcel Idul Fitri;Kuning;
lain-010-5;Box Tenteng Parcel Idul Fitri;Hitam;
lain-010-6;Box Tenteng Parcel Idul Fitri;Pink;
lain-016-1;(25pcs) Tusuk Roti Motif / Topper Karakter / Tusukan Kue Ultah / Hiasan Kue Tart / Topper Cake / Topper Cupcake;I NEED YOU,25pcs;
lain-016-2;(25pcs) Tusuk Roti Motif / Topper Karakter / Tusukan Kue Ultah / Hiasan Kue Tart / Topper Cake / Topper Cupcake;Hello Kitty,25pcs;
lain-016-3;(25pcs) Tusuk Roti Motif / Topper Karakter / Tusukan Kue Ultah / Hiasan Kue Tart / Topper Cake / Topper Cupcake;Superhero,25pcs;
lain-016-4;(25pcs) Tusuk Roti Motif / Topper Karakter / Tusukan Kue Ultah / Hiasan Kue Tart / Topper Cake / Topper Cupcake;BABY,25pcs;
lain-016-5;(25pcs) Tusuk Roti Motif / Topper Karakter / Tusukan Kue Ultah / Hiasan Kue Tart / Topper Cake / Topper Cupcake;Merry Christmas,25pcs;
lain-016-6;(25pcs) Tusuk Roti Motif / Topper Karakter / Tusukan Kue Ultah / Hiasan Kue Tart / Topper Cake / Topper Cupcake;LOVE,25pcs;
lain-018;(10pcs) Baking Paper Anti Lengket / Alas Masak / Alas Roti  / Alas Panggang oven loyang baking;Standard;
lain-020-1;Box Tenteng Motif / Box Tenteng Snack / Box tenteng baru / Box tenteng / Box Tenteng kue / Box Tenteng Toples / Gable Box Warna / Box Snack Tenteng;Peach;
lain-020-2;Box Tenteng Motif / Box Tenteng Snack / Box tenteng baru / Box tenteng / Box Tenteng kue / Box Tenteng Toples / Gable Box Warna / Box Snack Tenteng;Kuning;
lain-020-3;Box Tenteng Motif / Box Tenteng Snack / Box tenteng baru / Box tenteng / Box Tenteng kue / Box Tenteng Toples / Gable Box Warna / Box Snack Tenteng;Hijau;
lain-020-4;Box Tenteng Motif / Box Tenteng Snack / Box tenteng baru / Box tenteng / Box Tenteng kue / Box Tenteng Toples / Gable Box Warna / Box Snack Tenteng;Orange;
lain-020-5;Box Tenteng Motif / Box Tenteng Snack / Box tenteng baru / Box tenteng / Box Tenteng kue / Box Tenteng Toples / Gable Box Warna / Box Snack Tenteng;Toska;
lain-020-6;Box Tenteng Motif / Box Tenteng Snack / Box tenteng baru / Box tenteng / Box Tenteng kue / Box Tenteng Toples / Gable Box Warna / Box Snack Tenteng;Pink;
lain-022-1;Hardbox 25x25 / Box Hampers / Box Seserahan / Hardbox murah / Hardbox elegan;Kuning;
lain-022-2;Hardbox 25x25 / Box Hampers / Box Seserahan / Hardbox murah / Hardbox elegan;Hitam;
lain-022-3;Hardbox 25x25 / Box Hampers / Box Seserahan / Hardbox murah / Hardbox elegan;Merah;
lain-022-4;Hardbox 25x25 / Box Hampers / Box Seserahan / Hardbox murah / Hardbox elegan;Maroon;
lain-022-5;Hardbox 25x25 / Box Hampers / Box Seserahan / Hardbox murah / Hardbox elegan;Orange;
lain-022-6;Hardbox 25x25 / Box Hampers / Box Seserahan / Hardbox murah / Hardbox elegan;Hijau;
lain-022-7;Hardbox 25x25 / Box Hampers / Box Seserahan / Hardbox murah / Hardbox elegan;Putih;
lain-025-1;Notebook A5 / NOTEBOOK SPIRAL / NOTEBOOK MOTIF / NOTEBOOK KRAFT;RESEP,SOFT COVER;
lain-025-10;Notebook A5 / NOTEBOOK SPIRAL / NOTEBOOK MOTIF / NOTEBOOK KRAFT;I\;
lain-025-2;Notebook A5 / NOTEBOOK SPIRAL / NOTEBOOK MOTIF / NOTEBOOK KRAFT;IT\;
lain-025-3;Notebook A5 / NOTEBOOK SPIRAL / NOTEBOOK MOTIF / NOTEBOOK KRAFT;IT\;
lain-025-4;Notebook A5 / NOTEBOOK SPIRAL / NOTEBOOK MOTIF / NOTEBOOK KRAFT;RESEP,HARDCOVER;
lain-025-5;Notebook A5 / NOTEBOOK SPIRAL / NOTEBOOK MOTIF / NOTEBOOK KRAFT;IT\;
lain-025-6;Notebook A5 / NOTEBOOK SPIRAL / NOTEBOOK MOTIF / NOTEBOOK KRAFT;I\;
lain-025-7;Notebook A5 / NOTEBOOK SPIRAL / NOTEBOOK MOTIF / NOTEBOOK KRAFT;IT\;
lain-025-8;Notebook A5 / NOTEBOOK SPIRAL / NOTEBOOK MOTIF / NOTEBOOK KRAFT;THANKYOU,HARDCOVER;
lain-025-9;Notebook A5 / NOTEBOOK SPIRAL / NOTEBOOK MOTIF / NOTEBOOK KRAFT;THANKYOU,SOFT COVER;
lain-026;Box Serbaguna / Box Arsip / Box besar coklat / Kardus Besar;Standard;
lain-027-1;Box Gable Kraft / Box Kraft jinjing / Box Coklat / Tas kraft Box / Box Kraft jinjing takeaway / Box Jinjing;Biru,22 x 8 x 12;
lain-027-10;Box Gable Kraft / Box Kraft jinjing / Box Coklat / Tas kraft Box / Box Kraft jinjing takeaway / Box Jinjing;Merah,22 x 8 x 12;
lain-027-11;Box Gable Kraft / Box Kraft jinjing / Box Coklat / Tas kraft Box / Box Kraft jinjing takeaway / Box Jinjing;Hitam,22 x 8 x 12;
lain-027-2;Box Gable Kraft / Box Kraft jinjing / Box Coklat / Tas kraft Box / Box Kraft jinjing takeaway / Box Jinjing;Hijau Muda,22 x 8 x 12;
lain-027-3;Box Gable Kraft / Box Kraft jinjing / Box Coklat / Tas kraft Box / Box Kraft jinjing takeaway / Box Jinjing;Hijau Botol,22 x 8 x 12;
lain-027-4;Box Gable Kraft / Box Kraft jinjing / Box Coklat / Tas kraft Box / Box Kraft jinjing takeaway / Box Jinjing;Natural,22 x 8 x 12;
lain-027-5;Box Gable Kraft / Box Kraft jinjing / Box Coklat / Tas kraft Box / Box Kraft jinjing takeaway / Box Jinjing;Kuning,22 x 8 x 12;
lain-027-6;Box Gable Kraft / Box Kraft jinjing / Box Coklat / Tas kraft Box / Box Kraft jinjing takeaway / Box Jinjing;Toska,22 x 8 x 12;
lain-027-7;Box Gable Kraft / Box Kraft jinjing / Box Coklat / Tas kraft Box / Box Kraft jinjing takeaway / Box Jinjing;Mika,22 x 8 x 12;
lain-027-8;Box Gable Kraft / Box Kraft jinjing / Box Coklat / Tas kraft Box / Box Kraft jinjing takeaway / Box Jinjing;Maroon,22 x 8 x 12;
lain-027-9;Box Gable Kraft / Box Kraft jinjing / Box Coklat / Tas kraft Box / Box Kraft jinjing takeaway / Box Jinjing;Coklat Natural,22 x 8 x 12;
lain-028;(50pcs) Ready Stok!!! Greeting Card Lebaran / Kartu Ucapan Idul Fitri / Kartu Ucapan Lebaran / Kartu Ucapan/ Greeting Card / Hangtag Lebaran / Kartu Ucapan;Standard;
lain-029-1;Hardbox / Box Sanggan / Box Seserahan / Box Mika pita / Box Hampers;Merah,22x22x20;
lain-029-2;Hardbox / Box Sanggan / Box Seserahan / Box Mika pita / Box Hampers;Merah,17x17x10;
lain-029-3;Hardbox / Box Sanggan / Box Seserahan / Box Mika pita / Box Hampers;Merah,17x17x20;
lain-029-4;Hardbox / Box Sanggan / Box Seserahan / Box Mika pita / Box Hampers;Merah,22x22x10;
lain-029-5;Hardbox / Box Sanggan / Box Seserahan / Box Mika pita / Box Hampers;Merah,25x25x10;
lain-029-6;Hardbox / Box Sanggan / Box Seserahan / Box Mika pita / Box Hampers;Merah,25x25x20;
lain-029-7;Hardbox / Box Sanggan / Box Seserahan / Box Mika pita / Box Hampers;Merah,24x17x10;
lain-029-8;Hardbox / Box Sanggan / Box Seserahan / Box Mika pita / Box Hampers;Merah,24x17x20;
lain-030-1;Hardbox / Hardbox Pita / Box Hampers / Gift Box;Hardbox+motif,Warna lain;
lain-030-2;Hardbox / Hardbox Pita / Box Hampers / Gift Box;Hardbox+motif,Merah;
lain-030-3;Hardbox / Hardbox Pita / Box Hampers / Gift Box;Hardbox polos,Hijau;
lain-030-4;Hardbox / Hardbox Pita / Box Hampers / Gift Box;Hardbox polos,Ungu;
lain-030-5;Hardbox / Hardbox Pita / Box Hampers / Gift Box;Hardbox polos,Warna lain;
lain-030-6;Hardbox / Hardbox Pita / Box Hampers / Gift Box;Hardbox polos,Merah;
lain-030-7;Hardbox / Hardbox Pita / Box Hampers / Gift Box;Hardbox+motif,Hijau;
lain-030-8;Hardbox / Hardbox Pita / Box Hampers / Gift Box;Hardbox+motif,Ungu;
lain-031-1;Box Kemasan Tabung / Box Souvernir/ Box Tabung motif;Merah Batik,Tinggi 16cm;
lain-031-10;Box Kemasan Tabung / Box Souvernir/ Box Tabung motif;Merah Batik,Tinggi 11cm;
lain-031-11;Box Kemasan Tabung / Box Souvernir/ Box Tabung motif;Hitam,Tinggi 11cm;
lain-031-12;Box Kemasan Tabung / Box Souvernir/ Box Tabung motif;Hijau polos,Tinggi 16cm;
lain-031-13;Box Kemasan Tabung / Box Souvernir/ Box Tabung motif;Merah putih,Tinggi 11cm;
lain-031-14;Box Kemasan Tabung / Box Souvernir/ Box Tabung motif;Merah polos,Tinggi 11cm;
lain-031-15;Box Kemasan Tabung / Box Souvernir/ Box Tabung motif;Merah Batik,Tinggi 9cm;
lain-031-16;Box Kemasan Tabung / Box Souvernir/ Box Tabung motif;Hitam,Tinggi 9cm;
lain-031-17;Box Kemasan Tabung / Box Souvernir/ Box Tabung motif;Pink,Tinggi 9cm;
lain-031-18;Box Kemasan Tabung / Box Souvernir/ Box Tabung motif;Biru,Tinggi 9cm;
lain-031-19;Box Kemasan Tabung / Box Souvernir/ Box Tabung motif;Merah polos,Tinggi 9cm;
lain-031-2;Box Kemasan Tabung / Box Souvernir/ Box Tabung motif;Merah putih,Tinggi 16cm;
lain-031-20;Box Kemasan Tabung / Box Souvernir/ Box Tabung motif;Natur paper,Tinggi 11cm;
lain-031-21;Box Kemasan Tabung / Box Souvernir/ Box Tabung motif;Biru,Tinggi 11cm;
lain-031-22;Box Kemasan Tabung / Box Souvernir/ Box Tabung motif;Pink,Tinggi 16cm;
lain-031-23;Box Kemasan Tabung / Box Souvernir/ Box Tabung motif;Biru,Tinggi 16cm;
lain-031-24;Box Kemasan Tabung / Box Souvernir/ Box Tabung motif;Natur paper,Tinggi 9cm;
lain-031-25;Box Kemasan Tabung / Box Souvernir/ Box Tabung motif;Merah putih,Tinggi 9cm;
lain-031-26;Box Kemasan Tabung / Box Souvernir/ Box Tabung motif;Hijau polos,Tinggi 9cm;
lain-031-27;Box Kemasan Tabung / Box Souvernir/ Box Tabung motif;Putih,Tinggi 9cm;
lain-031-28;Box Kemasan Tabung / Box Souvernir/ Box Tabung motif;Natur paper,Tinggi 16cm;
lain-031-29;Box Kemasan Tabung / Box Souvernir/ Box Tabung motif;Putih,Tinggi 11cm;
lain-031-3;Box Kemasan Tabung / Box Souvernir/ Box Tabung motif;Hijau Batik,Tinggi 11cm;
lain-031-30;Box Kemasan Tabung / Box Souvernir/ Box Tabung motif;Putih,Tinggi 16cm;
lain-031-4;Box Kemasan Tabung / Box Souvernir/ Box Tabung motif;Hijau polos,Tinggi 11cm;
lain-031-5;Box Kemasan Tabung / Box Souvernir/ Box Tabung motif;Pink,Tinggi 11cm;
lain-031-6;Box Kemasan Tabung / Box Souvernir/ Box Tabung motif;Hitam,Tinggi 16cm;
lain-031-7;Box Kemasan Tabung / Box Souvernir/ Box Tabung motif;Hijau Batik,Tinggi 9cm;
lain-031-8;Box Kemasan Tabung / Box Souvernir/ Box Tabung motif;Merah polos,Tinggi 16cm;
lain-031-9;Box Kemasan Tabung / Box Souvernir/ Box Tabung motif;Hijau Batik,Tinggi 16cm;
lain-032-1;Box Hampers/ Cake Box Kotak Mika / Box Kue Tart / Dus Kue / Kotak Kue Transparan / Gift Box Kekinian;Merah,17x17x25;
lain-032-10;Box Hampers/ Cake Box Kotak Mika / Box Kue Tart / Dus Kue / Kotak Kue Transparan / Gift Box Kekinian;Hijau,17x17x20;
lain-032-11;Box Hampers/ Cake Box Kotak Mika / Box Kue Tart / Dus Kue / Kotak Kue Transparan / Gift Box Kekinian;Hijau,30 x 30 x 20;
lain-032-12;Box Hampers/ Cake Box Kotak Mika / Box Kue Tart / Dus Kue / Kotak Kue Transparan / Gift Box Kekinian;Hijau,24,5x24,5x20;
lain-032-13;Box Hampers/ Cake Box Kotak Mika / Box Kue Tart / Dus Kue / Kotak Kue Transparan / Gift Box Kekinian;Merah,24,5x24,5x14;
lain-032-14;Box Hampers/ Cake Box Kotak Mika / Box Kue Tart / Dus Kue / Kotak Kue Transparan / Gift Box Kekinian;Hijau,30 x 30 x 25;
lain-032-15;Box Hampers/ Cake Box Kotak Mika / Box Kue Tart / Dus Kue / Kotak Kue Transparan / Gift Box Kekinian;Merah,17x17x14;
lain-032-16;Box Hampers/ Cake Box Kotak Mika / Box Kue Tart / Dus Kue / Kotak Kue Transparan / Gift Box Kekinian;Merah,17x17x20;
lain-032-17;Box Hampers/ Cake Box Kotak Mika / Box Kue Tart / Dus Kue / Kotak Kue Transparan / Gift Box Kekinian;Hijau,20x20x14;
lain-032-18;Box Hampers/ Cake Box Kotak Mika / Box Kue Tart / Dus Kue / Kotak Kue Transparan / Gift Box Kekinian;Hijau,24,5x,24,5x30;
lain-032-19;Box Hampers/ Cake Box Kotak Mika / Box Kue Tart / Dus Kue / Kotak Kue Transparan / Gift Box Kekinian;Hijau,17x17x14;
lain-032-2;Box Hampers/ Cake Box Kotak Mika / Box Kue Tart / Dus Kue / Kotak Kue Transparan / Gift Box Kekinian;Hijau,20x20x30;
lain-032-20;Box Hampers/ Cake Box Kotak Mika / Box Kue Tart / Dus Kue / Kotak Kue Transparan / Gift Box Kekinian;Merah,30 x 30 x 25;
lain-032-21;Box Hampers/ Cake Box Kotak Mika / Box Kue Tart / Dus Kue / Kotak Kue Transparan / Gift Box Kekinian;Merah,30 x 30 x 14;
lain-032-22;Box Hampers/ Cake Box Kotak Mika / Box Kue Tart / Dus Kue / Kotak Kue Transparan / Gift Box Kekinian;Hijau,24,5x24,5x14;
lain-032-23;Box Hampers/ Cake Box Kotak Mika / Box Kue Tart / Dus Kue / Kotak Kue Transparan / Gift Box Kekinian;Merah,24,5x24,5x25;
lain-032-24;Box Hampers/ Cake Box Kotak Mika / Box Kue Tart / Dus Kue / Kotak Kue Transparan / Gift Box Kekinian;Hijau,30 x 30 x 30;
lain-032-25;Box Hampers/ Cake Box Kotak Mika / Box Kue Tart / Dus Kue / Kotak Kue Transparan / Gift Box Kekinian;Hijau,20x20x20;
lain-032-26;Box Hampers/ Cake Box Kotak Mika / Box Kue Tart / Dus Kue / Kotak Kue Transparan / Gift Box Kekinian;Merah,24,5x24,5x20;
lain-032-27;Box Hampers/ Cake Box Kotak Mika / Box Kue Tart / Dus Kue / Kotak Kue Transparan / Gift Box Kekinian;Hijau,17x17x30;
lain-032-28;Box Hampers/ Cake Box Kotak Mika / Box Kue Tart / Dus Kue / Kotak Kue Transparan / Gift Box Kekinian;Merah,20x20x30;
lain-032-29;Box Hampers/ Cake Box Kotak Mika / Box Kue Tart / Dus Kue / Kotak Kue Transparan / Gift Box Kekinian;Hijau,30 x 30 x 14;
lain-032-3;Box Hampers/ Cake Box Kotak Mika / Box Kue Tart / Dus Kue / Kotak Kue Transparan / Gift Box Kekinian;Merah,20x20x25;
lain-032-30;Box Hampers/ Cake Box Kotak Mika / Box Kue Tart / Dus Kue / Kotak Kue Transparan / Gift Box Kekinian;Hijau,24,5x24,5x25;
lain-032-31;Box Hampers/ Cake Box Kotak Mika / Box Kue Tart / Dus Kue / Kotak Kue Transparan / Gift Box Kekinian;Merah,30 x 30 x 20;
lain-032-32;Box Hampers/ Cake Box Kotak Mika / Box Kue Tart / Dus Kue / Kotak Kue Transparan / Gift Box Kekinian;Merah,24,5x,24,5x30;
lain-032-4;Box Hampers/ Cake Box Kotak Mika / Box Kue Tart / Dus Kue / Kotak Kue Transparan / Gift Box Kekinian;Merah,20x20x20;
lain-032-5;Box Hampers/ Cake Box Kotak Mika / Box Kue Tart / Dus Kue / Kotak Kue Transparan / Gift Box Kekinian;Merah,17x17x30;
lain-032-6;Box Hampers/ Cake Box Kotak Mika / Box Kue Tart / Dus Kue / Kotak Kue Transparan / Gift Box Kekinian;Merah,30 x 30 x 30;
lain-032-7;Box Hampers/ Cake Box Kotak Mika / Box Kue Tart / Dus Kue / Kotak Kue Transparan / Gift Box Kekinian;Merah,20x20x14;
lain-032-8;Box Hampers/ Cake Box Kotak Mika / Box Kue Tart / Dus Kue / Kotak Kue Transparan / Gift Box Kekinian;Hijau,20x20x25;
lain-032-9;Box Hampers/ Cake Box Kotak Mika / Box Kue Tart / Dus Kue / Kotak Kue Transparan / Gift Box Kekinian;Hijau,17x17x25;
lain-033-1;Box Hampers / Box kue /Box Mika / Box Cupcakes / Box Sanggan / Box Seserahan / Box Kue / Box Souvenir / Box Mika Hitam;Maroon,Cup 9 t:20;
lain-033-10;Box Hampers / Box kue /Box Mika / Box Cupcakes / Box Sanggan / Box Seserahan / Box Kue / Box Souvenir / Box Mika Hitam;Gold,Cup isi 16;
lain-033-11;Box Hampers / Box kue /Box Mika / Box Cupcakes / Box Sanggan / Box Seserahan / Box Kue / Box Souvenir / Box Mika Hitam;Hijau,Cup isi 6 t:12;
lain-033-12;Box Hampers / Box kue /Box Mika / Box Cupcakes / Box Sanggan / Box Seserahan / Box Kue / Box Souvenir / Box Mika Hitam;Gold,Cup isi 12;
lain-033-13;Box Hampers / Box kue /Box Mika / Box Cupcakes / Box Sanggan / Box Seserahan / Box Kue / Box Souvenir / Box Mika Hitam;Merah,Cup isi 6 t:12;
lain-033-14;Box Hampers / Box kue /Box Mika / Box Cupcakes / Box Sanggan / Box Seserahan / Box Kue / Box Souvenir / Box Mika Hitam;Putih,Cup isi 12;
lain-033-15;Box Hampers / Box kue /Box Mika / Box Cupcakes / Box Sanggan / Box Seserahan / Box Kue / Box Souvenir / Box Mika Hitam;Gold,Cup isi 9 t:12 cm;
lain-033-16;Box Hampers / Box kue /Box Mika / Box Cupcakes / Box Sanggan / Box Seserahan / Box Kue / Box Souvenir / Box Mika Hitam;Hitam,Cup isi 12;
lain-033-17;Box Hampers / Box kue /Box Mika / Box Cupcakes / Box Sanggan / Box Seserahan / Box Kue / Box Souvenir / Box Mika Hitam;Merah,Cup isi 16;
lain-033-18;Box Hampers / Box kue /Box Mika / Box Cupcakes / Box Sanggan / Box Seserahan / Box Kue / Box Souvenir / Box Mika Hitam;Merah,Cup isi 9 t:12 cm;
lain-033-19;Box Hampers / Box kue /Box Mika / Box Cupcakes / Box Sanggan / Box Seserahan / Box Kue / Box Souvenir / Box Mika Hitam;Gold,Cup isi 4;
lain-033-2;Box Hampers / Box kue /Box Mika / Box Cupcakes / Box Sanggan / Box Seserahan / Box Kue / Box Souvenir / Box Mika Hitam;Merah,Cup isi 4;
lain-033-20;Box Hampers / Box kue /Box Mika / Box Cupcakes / Box Sanggan / Box Seserahan / Box Kue / Box Souvenir / Box Mika Hitam;Hijau,Cup isi 9 t:12 cm;
lain-033-21;Box Hampers / Box kue /Box Mika / Box Cupcakes / Box Sanggan / Box Seserahan / Box Kue / Box Souvenir / Box Mika Hitam;Maroon,Cup isi 6 t:12;
lain-033-22;Box Hampers / Box kue /Box Mika / Box Cupcakes / Box Sanggan / Box Seserahan / Box Kue / Box Souvenir / Box Mika Hitam;Maroon,Cup isi 4;
lain-033-23;Box Hampers / Box kue /Box Mika / Box Cupcakes / Box Sanggan / Box Seserahan / Box Kue / Box Souvenir / Box Mika Hitam;Gold,Cup isi 6 t:12;
lain-033-24;Box Hampers / Box kue /Box Mika / Box Cupcakes / Box Sanggan / Box Seserahan / Box Kue / Box Souvenir / Box Mika Hitam;Putih,Cup isi 4;
lain-033-25;Box Hampers / Box kue /Box Mika / Box Cupcakes / Box Sanggan / Box Seserahan / Box Kue / Box Souvenir / Box Mika Hitam;Hijau,Cup 9 t:20;
lain-033-26;Box Hampers / Box kue /Box Mika / Box Cupcakes / Box Sanggan / Box Seserahan / Box Kue / Box Souvenir / Box Mika Hitam;Hijau,Cup isi 12;
lain-033-27;Box Hampers / Box kue /Box Mika / Box Cupcakes / Box Sanggan / Box Seserahan / Box Kue / Box Souvenir / Box Mika Hitam;Gold,Cup 9 t:20;
lain-033-28;Box Hampers / Box kue /Box Mika / Box Cupcakes / Box Sanggan / Box Seserahan / Box Kue / Box Souvenir / Box Mika Hitam;Hitam,Cup isi 4;
lain-033-29;Box Hampers / Box kue /Box Mika / Box Cupcakes / Box Sanggan / Box Seserahan / Box Kue / Box Souvenir / Box Mika Hitam;Hijau,Cup isi 4;
lain-033-3;Box Hampers / Box kue /Box Mika / Box Cupcakes / Box Sanggan / Box Seserahan / Box Kue / Box Souvenir / Box Mika Hitam;Putih,Cup isi 6 t:12;
lain-033-30;Box Hampers / Box kue /Box Mika / Box Cupcakes / Box Sanggan / Box Seserahan / Box Kue / Box Souvenir / Box Mika Hitam;Hijau,Cup isi 16;
lain-033-31;Box Hampers / Box kue /Box Mika / Box Cupcakes / Box Sanggan / Box Seserahan / Box Kue / Box Souvenir / Box Mika Hitam;Hitam,Cup 9 t:20;
lain-033-32;Box Hampers / Box kue /Box Mika / Box Cupcakes / Box Sanggan / Box Seserahan / Box Kue / Box Souvenir / Box Mika Hitam;Putih,Cup isi 16;
lain-033-33;Box Hampers / Box kue /Box Mika / Box Cupcakes / Box Sanggan / Box Seserahan / Box Kue / Box Souvenir / Box Mika Hitam;Hitam,Cup isi 9 t:12 cm;
lain-033-34;Box Hampers / Box kue /Box Mika / Box Cupcakes / Box Sanggan / Box Seserahan / Box Kue / Box Souvenir / Box Mika Hitam;Merah,Cup 9 t:20;
lain-033-35;Box Hampers / Box kue /Box Mika / Box Cupcakes / Box Sanggan / Box Seserahan / Box Kue / Box Souvenir / Box Mika Hitam;Hitam,Cup isi 6 t:12;
lain-033-36;Box Hampers / Box kue /Box Mika / Box Cupcakes / Box Sanggan / Box Seserahan / Box Kue / Box Souvenir / Box Mika Hitam;Merah,Cup isi 12;
lain-033-4;Box Hampers / Box kue /Box Mika / Box Cupcakes / Box Sanggan / Box Seserahan / Box Kue / Box Souvenir / Box Mika Hitam;Hitam,Cup isi 16;
lain-033-5;Box Hampers / Box kue /Box Mika / Box Cupcakes / Box Sanggan / Box Seserahan / Box Kue / Box Souvenir / Box Mika Hitam;Maroon,Cup isi 12;
lain-033-6;Box Hampers / Box kue /Box Mika / Box Cupcakes / Box Sanggan / Box Seserahan / Box Kue / Box Souvenir / Box Mika Hitam;Putih,Cup isi 9 t:12 cm;
lain-033-7;Box Hampers / Box kue /Box Mika / Box Cupcakes / Box Sanggan / Box Seserahan / Box Kue / Box Souvenir / Box Mika Hitam;Maroon,Cup isi 9 t:12 cm;
lain-033-8;Box Hampers / Box kue /Box Mika / Box Cupcakes / Box Sanggan / Box Seserahan / Box Kue / Box Souvenir / Box Mika Hitam;Putih,Cup 9 t:20;
lain-033-9;Box Hampers / Box kue /Box Mika / Box Cupcakes / Box Sanggan / Box Seserahan / Box Kue / Box Souvenir / Box Mika Hitam;Maroon,Cup isi 16;
lain-034-1;Kotak Dus Roll Cake / Kotak Spiku / Kotak Bolu Gulung / Kotak Brownis / Cake Box / Dus Bolu;Merah,30 x 9,5 x 7,5;
lain-034-2;Kotak Dus Roll Cake / Kotak Spiku / Kotak Bolu Gulung / Kotak Brownis / Cake Box / Dus Bolu;Merah,28x10x7,5;
lain-034-3;Kotak Dus Roll Cake / Kotak Spiku / Kotak Bolu Gulung / Kotak Brownis / Cake Box / Dus Bolu;Coklat muda,28x10x7,5;
lain-034-4;Kotak Dus Roll Cake / Kotak Spiku / Kotak Bolu Gulung / Kotak Brownis / Cake Box / Dus Bolu;Hijau,28x10x7,5;
lain-034-5;Kotak Dus Roll Cake / Kotak Spiku / Kotak Bolu Gulung / Kotak Brownis / Cake Box / Dus Bolu;Coklat muda,30 x 9,5 x 7,5;
lain-034-6;Kotak Dus Roll Cake / Kotak Spiku / Kotak Bolu Gulung / Kotak Brownis / Cake Box / Dus Bolu;Hijau,30 x 9,5 x 7,5;
lain-035-1;Box Roll Cake / Box Brownis / Box Toples mini / Box Souvenir / Box Mika Tali;Gold,28x11x10;
lain-035-2;Box Roll Cake / Box Brownis / Box Toples mini / Box Souvenir / Box Mika Tali;Merah,28x11x10;
lain-035-3;Box Roll Cake / Box Brownis / Box Toples mini / Box Souvenir / Box Mika Tali;Putih,28x11x10;
lain-036-1;Notebook / Sketchbook Notebook / Notebook Spiral / Notebook Aesthetic / Notebook Hardcover / Buku Memo / Buku Catatan mini motif-kraft / Diary book / Buku agenda;Softcover,10,5x16 (80lbr);
lain-036-2;Notebook / Sketchbook Notebook / Notebook Spiral / Notebook Aesthetic / Notebook Hardcover / Buku Memo / Buku Catatan mini motif-kraft / Diary book / Buku agenda;Softcover,10,5x16 (50lbr);
lain-036-3;Notebook / Sketchbook Notebook / Notebook Spiral / Notebook Aesthetic / Notebook Hardcover / Buku Memo / Buku Catatan mini motif-kraft / Diary book / Buku agenda;Hardcover,10,5x16 (50lbr);
lain-036-4;Notebook / Sketchbook Notebook / Notebook Spiral / Notebook Aesthetic / Notebook Hardcover / Buku Memo / Buku Catatan mini motif-kraft / Diary book / Buku agenda;Hardcover,10,5x16 (80lbr);
lain-037-1;Box Hampers / Hardbox / Box Hampers Valentine / Kado Valentine / Kotak Kado;Boneka Bear,Paperbag mini;
lain-037-2;Box Hampers / Hardbox / Box Hampers Valentine / Kado Valentine / Kotak Kado;Jilbab,Kartu Ucapan;
lain-037-3;Box Hampers / Hardbox / Box Hampers Valentine / Kado Valentine / Kotak Kado;Jilbab,Paperbag mini;
lain-037-4;Box Hampers / Hardbox / Box Hampers Valentine / Kado Valentine / Kotak Kado;Notebook,Kartu Ucapan;
lain-037-5;Box Hampers / Hardbox / Box Hampers Valentine / Kado Valentine / Kotak Kado;Notebook,Paperbag mini;
lain-037-6;Box Hampers / Hardbox / Box Hampers Valentine / Kado Valentine / Kotak Kado;Hardbox,Kartu Ucapan;
lain-037-7;Box Hampers / Hardbox / Box Hampers Valentine / Kado Valentine / Kotak Kado;Hardbox,Paperbag mini;
lain-037-8;Box Hampers / Hardbox / Box Hampers Valentine / Kado Valentine / Kotak Kado;Boneka Bear,Kartu Ucapan;
lain-038-1;Kotak Cupcake isi 4 / Kotak Muffin / Kotak Souvenir/ Kotak motif tenteng / Kotak kue ulang tahun mini / Kotak motif polka;Biru,Cup isi 4;
lain-038-2;Kotak Cupcake isi 4 / Kotak Muffin / Kotak Souvenir/ Kotak motif tenteng / Kotak kue ulang tahun mini / Kotak motif polka;Pink,Cup isi 4;
pt-001-1;(100pcs) Cup Kentang A Polos (LAMINASI);Kraft (Coklat Polos),Laminasi;
pt-001-2;(100pcs) Cup Kentang A Polos (LAMINASI);Putih,Laminasi;
pt-002-1;(100 pcs) Box Toast SMALL (KECIL) LAMINASI;Putih,Laminasi;
pt-002-2;(100 pcs) Box Toast SMALL (KECIL) LAMINASI;Kraft (Coklat Polos),Laminasi;
pt-003-1;(100 pcs) Box Toast SMALL (KECIL) NON LAMINASI;Putih,Non Laminasi;
pt-003-2;(100 pcs) Box Toast SMALL (KECIL) NON LAMINASI;Kraft (Coklat Polos),Non Laminasi;
pt-004-1;(20Pcs) Box Popcorn;Putih,20Pcs;
pt-004-2;(20Pcs) Box Popcorn;FoodieMaroon/Magenta,20Pcs;
pt-004-3;(20Pcs) Box Popcorn;Foodie Hijau Botol,20Pcs;
pt-004-4;(20Pcs) Box Popcorn;Foodie Orange,20Pcs;
pt-004-5;(20Pcs) Box Popcorn;Foodie Hitam,20Pcs;
pt-005-1;Termurah Box Corndog / Box Brownies;Kraft,50Pcs;
pt-005-10;Termurah Box Corndog / Box Brownies;FoodieMaroon/Magenta,25Pcs;
pt-005-11;Termurah Box Corndog / Box Brownies;Foodie Hitam,50Pcs;
pt-005-12;Termurah Box Corndog / Box Brownies;Foodie Hijau Botol,25Pcs;
pt-005-2;Termurah Box Corndog / Box Brownies;FoodieMaroon/Magenta,50Pcs;
pt-005-3;Termurah Box Corndog / Box Brownies;Foodie Orange,50Pcs;
pt-005-4;Termurah Box Corndog / Box Brownies;Foodie Orange,25Pcs;
pt-005-5;Termurah Box Corndog / Box Brownies;Putih,25Pcs;
pt-005-6;Termurah Box Corndog / Box Brownies;Foodie Hitam,25Pcs;
pt-005-7;Termurah Box Corndog / Box Brownies;Foodie Hijau Botol,50Pcs;
pt-005-8;Termurah Box Corndog / Box Brownies;Kraft,25Pcs;
pt-005-9;Termurah Box Corndog / Box Brownies;Putih,50Pcs;
pt-006-1;(100pcs) Cup Kentang C Motif / Papertray Large;Motif S. Premium;
pt-006-2;(100pcs) Cup Kentang C Motif / Papertray Large;FoodieMagenta/maroon;
pt-006-3;(100pcs) Cup Kentang C Motif / Papertray Large;Foodie Hijau Botol;
pt-006-4;(100pcs) Cup Kentang C Motif / Papertray Large;Foodie Orange;
pt-006-5;(100pcs) Cup Kentang C Motif / Papertray Large;Foodie Hitam;
pt-006-6;(100pcs) Cup Kentang C Motif / Papertray Large;Doodle Biru;
pt-006-7;(100pcs) Cup Kentang C Motif / Papertray Large;Doodle Hitam;
pt-007-1;(100pcs) Cup Kentang D Motif / Paper Tray Xtra Large;Foodie Biru;
pt-007-2;(100pcs) Cup Kentang D Motif / Paper Tray Xtra Large;Foodie Orange;
pt-007-3;(100pcs) Cup Kentang D Motif / Paper Tray Xtra Large;Medsos Biru;
pt-007-4;(100pcs) Cup Kentang D Motif / Paper Tray Xtra Large;Foodie Maroon;
pt-007-5;(100pcs) Cup Kentang D Motif / Paper Tray Xtra Large;Doodle Biru;
pt-007-6;(100pcs) Cup Kentang D Motif / Paper Tray Xtra Large;Medsos Hitam;
pt-007-7;(100pcs) Cup Kentang D Motif / Paper Tray Xtra Large;Foodie Hijau Botol;
pt-007-8;(100pcs) Cup Kentang D Motif / Paper Tray Xtra Large;Medsos Magenta;
pt-007-9;(100pcs) Cup Kentang D Motif / Paper Tray Xtra Large;Doodle Hitam;
pt-008-1;Kotak Pizza Memanjang Slidding Box;Ramadhan Hitam,50 pcs;
pt-008-10;Kotak Pizza Memanjang Slidding Box;Ramandhan Hijau,20 pcs;
pt-008-11;Kotak Pizza Memanjang Slidding Box;FoodieHitam Laminasi,50 pcs;
pt-008-12;Kotak Pizza Memanjang Slidding Box;Hitam Laminasi,50 pcs;
pt-008-13;Kotak Pizza Memanjang Slidding Box;Kraft Laminasi,20 pcs;
pt-008-14;Kotak Pizza Memanjang Slidding Box;Ivory Laminasi,50 pcs;
pt-008-15;Kotak Pizza Memanjang Slidding Box;Biru Laminasi,20 pcs;
pt-008-16;Kotak Pizza Memanjang Slidding Box;Magenta Laminasi,50 pcs;
pt-008-17;Kotak Pizza Memanjang Slidding Box;Ivory Laminasi,20 pcs;
pt-008-18;Kotak Pizza Memanjang Slidding Box;Orange Laminasi,50 pcs;
pt-008-19;Kotak Pizza Memanjang Slidding Box;Hijau Botol Laminasi,20 pcs;
pt-008-2;Kotak Pizza Memanjang Slidding Box;Ivory Tanpa Laminasi,20 pcs;
pt-008-20;Kotak Pizza Memanjang Slidding Box;Ramadhan Magenta,50 pcs;
pt-008-21;Kotak Pizza Memanjang Slidding Box;Kraft Laminasi,50 pcs;
pt-008-22;Kotak Pizza Memanjang Slidding Box;Ivory Tanpa Laminasi,50 pcs;
pt-008-23;Kotak Pizza Memanjang Slidding Box;Ramandhan Hijau,50 pcs;
pt-008-24;Kotak Pizza Memanjang Slidding Box;Hijau Botol Laminasi,50 pcs;
pt-008-3;Kotak Pizza Memanjang Slidding Box;Hitam Laminasi,20 pcs;
pt-008-4;Kotak Pizza Memanjang Slidding Box;Ramadhan Magenta,20 pcs;
pt-008-5;Kotak Pizza Memanjang Slidding Box;Orange Laminasi,20 pcs;
pt-008-6;Kotak Pizza Memanjang Slidding Box;Biru Laminasi,50 pcs;
pt-008-7;Kotak Pizza Memanjang Slidding Box;Magenta Laminasi,20 pcs;
pt-008-8;Kotak Pizza Memanjang Slidding Box;FoodieHitam Laminasi,20 pcs;
pt-008-9;Kotak Pizza Memanjang Slidding Box;Ramadhan Hitam,20 pcs;
pt-009-1;(100 Pcs) NEW Kotak Cup Taco;Foodie Hijau Botol;
pt-009-2;(100 Pcs) NEW Kotak Cup Taco;Foodiemaroon/magenta;
pt-009-3;(100 Pcs) NEW Kotak Cup Taco;Foodie Orange;
pt-009-4;(100 Pcs) NEW Kotak Cup Taco;Foodie biru;
pt-009-5;(100 Pcs) NEW Kotak Cup Taco;Ivory;
pt-009-6;(100 Pcs) NEW Kotak Cup Taco;Doodle Hitam;
pt-009-7;(100 Pcs) NEW Kotak Cup Taco;Doodle Biru;
pt-009-8;(100 Pcs) NEW Kotak Cup Taco;Foodie Hitam;
pt-010-1;(100 Pcs) NEW Kotak Dine In;Foodie Orange;
pt-010-2;(100 Pcs) NEW Kotak Dine In;FoodieMagenta/maroon;
pt-010-3;(100 Pcs) NEW Kotak Dine In;Foodie Hijau Botol;
pt-010-4;(100 Pcs) NEW Kotak Dine In;Foodie Hitam;
pt-010-5;(100 Pcs) NEW Kotak Dine In;Doodle Hitam;
pt-010-6;(100 Pcs) NEW Kotak Dine In;Doodle Biru;
pt-011-1;(100pcs) Cup Kentang A Motif;Animals Hitam;
pt-011-10;(100pcs) Cup Kentang A Motif;Animals Magenta;
pt-011-11;(100pcs) Cup Kentang A Motif;Foodie Biru;
pt-011-12;(100pcs) Cup Kentang A Motif;Ramadhan Hijau;
pt-011-13;(100pcs) Cup Kentang A Motif;Doodle Hitam;
pt-011-14;(100pcs) Cup Kentang A Motif;Foodie Orange;
pt-011-15;(100pcs) Cup Kentang A Motif;Foodie Hijau Botol;
pt-011-2;(100pcs) Cup Kentang A Motif;Ramadhan Magenta;
pt-011-3;(100pcs) Cup Kentang A Motif;Foodie Hitam;
pt-011-4;(100pcs) Cup Kentang A Motif;Animals Brown;
pt-011-5;(100pcs) Cup Kentang A Motif;Ramadhan Hitam;
pt-011-6;(100pcs) Cup Kentang A Motif;Warna Warni;
pt-011-7;(100pcs) Cup Kentang A Motif;Doodle Biru;
pt-011-8;(100pcs) Cup Kentang A Motif;FoodieMagenta/Maroon;
pt-011-9;(100pcs) Cup Kentang A Motif;Random 2 Warna;
pt-012-1;(100 pcs) Kotak Es Potong Roti (BESAR);Warna warni;
pt-012-10;(100 pcs) Kotak Es Potong Roti (BESAR);Random 2 warna;
pt-012-11;(100 pcs) Kotak Es Potong Roti (BESAR);Foodie Biru;
pt-012-12;(100 pcs) Kotak Es Potong Roti (BESAR);Doodle Hitam;
pt-012-13;(100 pcs) Kotak Es Potong Roti (BESAR);Animals Brown;
pt-012-14;(100 pcs) Kotak Es Potong Roti (BESAR);Foodie Hitam;
pt-012-2;(100 pcs) Kotak Es Potong Roti (BESAR);Doodle Biru;
pt-012-3;(100 pcs) Kotak Es Potong Roti (BESAR);FoodieMagenta/maroon;
pt-012-4;(100 pcs) Kotak Es Potong Roti (BESAR);Foodie Hijau Botol;
pt-012-5;(100 pcs) Kotak Es Potong Roti (BESAR);Animals Magenta;
pt-012-6;(100 pcs) Kotak Es Potong Roti (BESAR);Animals Hitam;
pt-012-7;(100 pcs) Kotak Es Potong Roti (BESAR);Ramadhan Hijau;
pt-012-8;(100 pcs) Kotak Es Potong Roti (BESAR);Foodie Orange;
pt-012-9;(100 pcs) Kotak Es Potong Roti (BESAR);Ramadhan Hitam;
pt-013-1;(50pcs)  Kotak Toast Ada Tutup;Hitam;
pt-013-2;(50pcs)  Kotak Toast Ada Tutup;Biru;
pt-013-3;(50pcs)  Kotak Toast Ada Tutup;Duplek;
pt-013-4;(50pcs)  Kotak Toast Ada Tutup;Ivory;
pt-014-1;(100pcs) Cup Kentang A / Kotak Cup Kentang;Kraft non laminasi;
pt-014-2;(100pcs) Cup Kentang A / Kotak Cup Kentang;Putih non laminasi;
pt-015-1;(100pcs) Kotak Dine In (SAKURA);Kraft Laminasi;
pt-015-2;(100pcs) Kotak Dine In (SAKURA);Foodie Hitam;
pt-015-3;(100pcs) Kotak Dine In (SAKURA);Foodie magenta;
pt-015-4;(100pcs) Kotak Dine In (SAKURA);Doodles Biru;
pt-015-5;(100pcs) Kotak Dine In (SAKURA);Doodles Hitam;
pt-015-6;(100pcs) Kotak Dine In (SAKURA);Foodie Hijau;
pt-015-7;(100pcs) Kotak Dine In (SAKURA);Foodie Orange;
pt-015-8;(100pcs) Kotak Dine In (SAKURA);Foodie Biru;
pt-015-9;(100pcs) Kotak Dine In (SAKURA);Ivory;
pt-016-1;(100pcs) Cup Kentang B / Kotak Cup Kentang / Food Paper tray / Kotak toast / Kotak Snack / Paper tray Dine in;Putih;
pt-016-10;(100pcs) Cup Kentang B / Kotak Cup Kentang / Food Paper tray / Kotak toast / Kotak Snack / Paper tray Dine in;Ramadhan hijau;
pt-016-2;(100pcs) Cup Kentang B / Kotak Cup Kentang / Food Paper tray / Kotak toast / Kotak Snack / Paper tray Dine in;Foodie Hitam;
pt-016-3;(100pcs) Cup Kentang B / Kotak Cup Kentang / Food Paper tray / Kotak toast / Kotak Snack / Paper tray Dine in;Foodie orange;
pt-016-4;(100pcs) Cup Kentang B / Kotak Cup Kentang / Food Paper tray / Kotak toast / Kotak Snack / Paper tray Dine in;Foodie hijau botol;
pt-016-5;(100pcs) Cup Kentang B / Kotak Cup Kentang / Food Paper tray / Kotak toast / Kotak Snack / Paper tray Dine in;Doodle Hitam;
pt-016-6;(100pcs) Cup Kentang B / Kotak Cup Kentang / Food Paper tray / Kotak toast / Kotak Snack / Paper tray Dine in;FoodieMaroon/Magenta;
pt-016-7;(100pcs) Cup Kentang B / Kotak Cup Kentang / Food Paper tray / Kotak toast / Kotak Snack / Paper tray Dine in;Ramadhan Maroon;
pt-016-8;(100pcs) Cup Kentang B / Kotak Cup Kentang / Food Paper tray / Kotak toast / Kotak Snack / Paper tray Dine in;Doodle Biru;
pt-016-9;(100pcs) Cup Kentang B / Kotak Cup Kentang / Food Paper tray / Kotak toast / Kotak Snack / Paper tray Dine in;Kraft Laminasi;
pt-017-1;(100pcs) Cup Kentang C / Kotak Cup Kentang / Food Paper tray / Kotak toast / Kotak Snack / Paper tray Dine in;Cup C Putih;
pt-017-2;(100pcs) Cup Kentang C / Kotak Cup Kentang / Food Paper tray / Kotak toast / Kotak Snack / Paper tray Dine in;Cup C Kraft Laminasi;
pt-017-3;(100pcs) Cup Kentang C / Kotak Cup Kentang / Food Paper tray / Kotak toast / Kotak Snack / Paper tray Dine in;Cup C Kraft Non Lam;
pt-018-1;(100pcs) Kotak Cup Kentang / Food Paper Tray / Kotak toast / Kotak Snack / Paper tray Dine in;CUP B,Coklat Laminasi;
pt-018-2;(100pcs) Kotak Cup Kentang / Food Paper Tray / Kotak toast / Kotak Snack / Paper tray Dine in;10x4.5x4cm (Toast),Coklat Laminasi;
pt-018-3;(100pcs) Kotak Cup Kentang / Food Paper Tray / Kotak toast / Kotak Snack / Paper tray Dine in;Cup C,Coklat Laminasi;
pt-018-4;(100pcs) Kotak Cup Kentang / Food Paper Tray / Kotak toast / Kotak Snack / Paper tray Dine in;CUP D,Coklat Laminasi;
pt-018-5;(100pcs) Kotak Cup Kentang / Food Paper Tray / Kotak toast / Kotak Snack / Paper tray Dine in;Cup Sakura/Dine In,Coklat Laminasi;
pt-018-6;(100pcs) Kotak Cup Kentang / Food Paper Tray / Kotak toast / Kotak Snack / Paper tray Dine in;CUP A,Coklat Laminasi;
pt-019-1;(100 pcs) Box Toast Small (KECIL)/ Kotak Toast Kecil/ Kotak Snack / Paper tray Dine in / Cup Toast;Foodie Biru;
pt-019-10;(100 pcs) Box Toast Small (KECIL)/ Kotak Toast Kecil/ Kotak Snack / Paper tray Dine in / Cup Toast;Ramadhan Magenta;
pt-019-11;(100 pcs) Box Toast Small (KECIL)/ Kotak Toast Kecil/ Kotak Snack / Paper tray Dine in / Cup Toast;Animals Hitam;
pt-019-12;(100 pcs) Box Toast Small (KECIL)/ Kotak Toast Kecil/ Kotak Snack / Paper tray Dine in / Cup Toast;Foodie Orange;
pt-019-13;(100 pcs) Box Toast Small (KECIL)/ Kotak Toast Kecil/ Kotak Snack / Paper tray Dine in / Cup Toast;Doodle Hitam;
pt-019-14;(100 pcs) Box Toast Small (KECIL)/ Kotak Toast Kecil/ Kotak Snack / Paper tray Dine in / Cup Toast;Foodie Hijau Botol;
pt-019-15;(100 pcs) Box Toast Small (KECIL)/ Kotak Toast Kecil/ Kotak Snack / Paper tray Dine in / Cup Toast;Warna Warni;
pt-019-16;(100 pcs) Box Toast Small (KECIL)/ Kotak Toast Kecil/ Kotak Snack / Paper tray Dine in / Cup Toast;AnimalsMagenta/Maron;
pt-019-2;(100 pcs) Box Toast Small (KECIL)/ Kotak Toast Kecil/ Kotak Snack / Paper tray Dine in / Cup Toast;Ramadhan Hitam;
pt-019-3;(100 pcs) Box Toast Small (KECIL)/ Kotak Toast Kecil/ Kotak Snack / Paper tray Dine in / Cup Toast;Foodie Hitam;
pt-019-4;(100 pcs) Box Toast Small (KECIL)/ Kotak Toast Kecil/ Kotak Snack / Paper tray Dine in / Cup Toast;FoodieMagenta/maroon;
pt-019-5;(100 pcs) Box Toast Small (KECIL)/ Kotak Toast Kecil/ Kotak Snack / Paper tray Dine in / Cup Toast;Doodle Biru;
pt-019-6;(100 pcs) Box Toast Small (KECIL)/ Kotak Toast Kecil/ Kotak Snack / Paper tray Dine in / Cup Toast;Foodie Brown;
pt-019-7;(100 pcs) Box Toast Small (KECIL)/ Kotak Toast Kecil/ Kotak Snack / Paper tray Dine in / Cup Toast;Random 2 Warna;
pt-019-8;(100 pcs) Box Toast Small (KECIL)/ Kotak Toast Kecil/ Kotak Snack / Paper tray Dine in / Cup Toast;Animals Brown;
pt-019-9;(100 pcs) Box Toast Small (KECIL)/ Kotak Toast Kecil/ Kotak Snack / Paper tray Dine in / Cup Toast;Ramadhan Hijau Botol;
pt-020-1;(100pcs) PAPER TRAY BAHAN DUPLEX / Kotak Cup Kentang / Food Paper tray / Kotak toast / Kotak Snack / Paper tray Dine in;Cup C,Duplex;
pt-020-2;(100pcs) PAPER TRAY BAHAN DUPLEX / Kotak Cup Kentang / Food Paper tray / Kotak toast / Kotak Snack / Paper tray Dine in;Cup A,Duplex;
pt-020-3;(100pcs) PAPER TRAY BAHAN DUPLEX / Kotak Cup Kentang / Food Paper tray / Kotak toast / Kotak Snack / Paper tray Dine in;Cup B,Duplex;
pt-021;(100pcs) Cup Kentang D / Paper Tray / Cup kentang Dine ini / Kotak Dine In;Standard;
tp-1;Tempat Pensil Binatang / Tempat Pensil Boneka / Pencil case lucu / Kotak Pencil;Singa;
tp-10;Tempat Pensil Binatang / Tempat Pensil Boneka / Pencil case lucu / Kotak Pencil;winnie the pooh;
tp-11;Tempat Pensil Binatang / Tempat Pensil Boneka / Pencil case lucu / Kotak Pencil;Sapi;
tp-12;Tempat Pensil Binatang / Tempat Pensil Boneka / Pencil case lucu / Kotak Pencil;Bundling 1;
tp-13;Tempat Pensil Binatang / Tempat Pensil Boneka / Pencil case lucu / Kotak Pencil;Berang berang;
tp-14;Tempat Pensil Binatang / Tempat Pensil Boneka / Pencil case lucu / Kotak Pencil;Bundling 2;
tp-15;Tempat Pensil Binatang / Tempat Pensil Boneka / Pencil case lucu / Kotak Pencil;Gajah;
tp-2;Tempat Pensil Binatang / Tempat Pensil Boneka / Pencil case lucu / Kotak Pencil;Keledai;
tp-3;Tempat Pensil Binatang / Tempat Pensil Boneka / Pencil case lucu / Kotak Pencil;Bundling 3;
tp-4;Tempat Pensil Binatang / Tempat Pensil Boneka / Pencil case lucu / Kotak Pencil;Babi;
tp-5;Tempat Pensil Binatang / Tempat Pensil Boneka / Pencil case lucu / Kotak Pencil;Monyet;
tp-6;Tempat Pensil Binatang / Tempat Pensil Boneka / Pencil case lucu / Kotak Pencil;Lebah;
tp-7;Tempat Pensil Binatang / Tempat Pensil Boneka / Pencil case lucu / Kotak Pencil;Anjing;
tp-8;Tempat Pensil Binatang / Tempat Pensil Boneka / Pencil case lucu / Kotak Pencil;Jerapah;
tp-9;Tempat Pensil Binatang / Tempat Pensil Boneka / Pencil case lucu / Kotak Pencil;Kudanil;
